{
  "TKM": 25.67776501759614,
  "IRN": 13.120584128452396,
  "CHN": 11.165619092752072,
  "USA": 10.542730185305848,
  "DZA": 4.926327833731612,
  "UZB": 4.427183885752027,
  "KAZ": 4.371371725043516,
  "SYR": 3.397677893374323,
  "PAK": 3.3478941612200437,
  "IRQ": 2.3312102482907524,
  "LBY": 2.307494478628272,
  "MEX": 2.2565531278077535,
  "JOR": 2.209652293972617,
  "AUS": 2.0824972050474537,
  "EGY": 2.0394891007183156,
  "YEM": 1.9240421304433277,
  "IND": 1.7032012942051964,
  "THA": 1.2545984779012054,
  "SAU": 1.2440666308979014,
  "ARG": 1.2428299744454667,
  "OMN": 1.1359332045416033,
  "BRA": 1.115090472966041,
  "ZAF": 0.9501430770358427,
  "COL": 0.8974990000860512,
  "ISR": 0.8337465112375269,
  "BGD": 0.7041276835907122,
  "CHL": 0.6775366046790642,
  "ESP": 0.67234291152931,
  "ITA": 0.660817482185273,
  "TUR": 0.6563089399965416,
  "TUN": 0.650207415973979,
  "PER": 0.608081963190184,
  "NPL": 0.6052412093261594,
  "PSE": 0.5861819076508257,
  "BWA": 0.5200458869908016,
  "KWT": 0.516407259786477,
  "FRA": 0.479538138747885,
  "ARE": 0.4701053603798015
}
