{
  "TKM": 51.14120501759614,
  "IRN": 26.002824128452392,
  "CHN": 22.05157909275207,
  "USA": 20.77865018530585,
  "DZA": 9.558287833731614,
  "UZB": 8.562543885752026,
  "KAZ": 8.371411725043517,
  "SYR": 6.479717893374323,
  "PAK": 6.461774161220044,
  "IRQ": 4.367530248290752,
  "LBY": 4.299294478628272,
  "MEX": 4.174393127807754,
  "JOR": 4.063012293972617,
  "AUS": 3.9330172050474537,
  "EGY": 3.7885691007183153,
  "YEM": 3.6417221304433283,
  "IND": 3.126401294205196,
  "SAU": 2.159586630897901,
  "THA": 2.1479584779012053,
  "ARG": 2.123909974445467,
  "BRA": 1.9428104729660407,
  "OMN": 1.8217732045416035,
  "ZAF": 1.5641430770358427,
  "COL": 1.4397790000860513,
  "ISR": 1.3558265112375267,
  "ESP": 1.07170291152931,
  "CHL": 1.038096604679064,
  "BGD": 1.0374076835907122,
  "ITA": 0.961777482185273,
  "TUR": 0.9225089399965416,
  "PER": 0.908801963190184,
  "PSE": 0.8673419076508259,
  "TUN": 0.813967415973979,
  "NPL": 0.7667212093261594,
  "KWT": 0.7196472597864769,
  "ARE": 0.6704653603798014,
  "BWA": 0.6077658869908016,
  "FRA": 0.596978138747885
}
